participant_name,ph_no,session_date,session_topic,present
priya sharma,9000000101,2026-02-02,Using a smartphone,Y
Rahul Verma,9000000102,02/02/2026,Using a smartphone,yes
Anita Das,919000000103,2026-02-02,Using a smartphone,1
Mohammed Irfan,9000000104,2026-02-02,Using a smartphone,N
Sunita Devi,9000000105,2026-02-02,Using a smartphone,Y
Arjun Patel,9000000106,2026-02-02,Using a smartphone,Y
Priya Sharma,9000000101,2026-02-09,Safe UPI payments,Y
Priya Sharma,9000000101,2026-02-09,Safe UPI payments,Y
Rahul Verma,9000000102,2026-02-09,Safe UPI payments,Y
Kavita Nair,9000000107,,Safe UPI payments,Y
Deepak Kumar,,2026-02-09,Safe UPI payments,Y
Meena Kumari,9000000110,2026-02-09,Safe UPI payments,no
Ravi Shankar,9000000111,2026-02-16,Email & online forms,Y
Fatima Begum,9000000112,2026-02-16,Email & online forms,Y
Lakshmi Iyer,9000000114,16-02-2026,Email & online forms,Y
Pooja Singh,9000000116,2026-02-16,Email & online forms,Y
Ramesh Gupta,9000000199,2026-02-16,Email & online forms,Y
Neha Gupta,9000000118,2026-02-23,Govt. services online,Y
Imran Khan,9000000121,2026-02-23,Govt. services online,Y
Anita Das,9000000103,2026-02-23,Govt. services online,Y
Sneha Joshi,9000000122,2026-03-02,Using a smartphone,Y
Rekha Pillai,9000000124,2026-03-09,Safe UPI payments,maybe
Sanjay Das,9000000125,2026-03-09,Safe UPI payments,Y
Geeta Mishra,9000000120,2026-03-09,Safe UPI payments,Y
