Name,Mobile,Date of Survey,Confidence Before (1-5),Confidence After (1-5),Would Recommend
Priya Sharma,90000-00101,2026-03-15,2,4,Yes
RAHUL VERMA,9000000102,2026-03-15,1,4,Yes
Anita Das,9000000103,2026-03-15,3,5,yes
Sunita Devi,9000000105,,1,3,Yes
Arjun Patel,9000000106,2026-03-16,3,,No
Kavita Nair,9000000107,2026-03-16,2,4,Yes
Fatima Begum,9000000112,2026-03-16,1,2,Not sure
Lakshmi Iyer,9000000114,2026-03-17,4,5,Yes
Pooja Singh,9000000116,2026-03-17,2,7,Yes
Neha Gupta,9000000118,2026-03-17,3,4,Y
Imran Khan,9000000121,2026-03-18,2,4,Yes
Priya Sharma,9000000101,2026-03-18,2,5,Yes
